_key,name
7,John Adams
8,Samuel Adams
9,Dr Allen
10,Nathaniel Appleton
11,Gilbert Ash
12,Benjamin Austin
13,Samuel Austin
14,John Avery
15,Cyrus Baldwin
16,John Ballard
17,Nathaniel Barber
18,Samuel Barnard
19,Samuel Barrett
20,Henry Bass
21,William Bell
22,Increase Blake
23,John Boit
24,Thomas Bolter
25,Peter Boyer
26,Richard Boynton
27,Jos Brackett
28,John Bradford
29,David Bradlee
30,Josiah Bradlee
31,Nathaniel Bradlee
32,Thomas Bradlee
33,George Bray
34,William Breck
35,James Bewer
36,Herman Brimmer
37,Martin Brimmer
38,Henry Broomfield
39,Hugh Brown
40,Enoch Brown
41,John Brown
42,Stephen Bruce
43,Edward Burbeck
44,William Burbeck
45,Benjamin Burt
46,Benjamin Burton
47,Edward Cailleteau
48,Elisha Callendar
49,Nicholas Campbell
50,Capt Cazneau
51,Mr Chadwell
52,Caleb Champney
53,Thomas Chase
54,Ezekiel Cheever
55,Seth Chipman
56,Thomas Chrysty
57,Benjamin Church
58,Benjamin Clarke
59,Stephen Cleverly
60,John Cochran
61,Gilbert Colesworthy
62,Gershom Collier
63,Ezra Collins
64,Adam Collson
65,Jamesfoster Condy
66,Samuel Cooper
67,William Cooper
68,Thomas Crafts
69,John Crane
70,Caleb Davis
71,Edward Davis
72,Robert Davis
73,William Davis
74,Thomas Dawes
75,William Dennie
76,Moses Deshon
77,Samuel Dexter
78,Edward Dolbear
79,Peter Doyle
80,Joseph Eaton
81,Joseph Eayres
82,Unknown Eckley
83,Benjamin Edes
84,Samuel Emmes
85,William Etheridge
86,Samuel Fenno
87,Ambrose Ferrell
88,Joseph Field
89,Josiah Flagg
90,Thomas Fleet
91,Bos Foster
92,Samuel Foster
93,Nathaniel Frothingham
94,John Gammell
95,Moses Gill
96,Samuel Gore
97,William Gould
98,James Graham
99,Moses Grant
100,Wait Gray
101,Nathaniel Greene
102,Joseph Greenleaf
103,William Greenleaf
104,Newn Greenough
105,William Ham
106,Samuel Hammond
107,Eben Hancock
108,John Hancock
109,William Hendley
110,George Hewes
111,William Hickling
112,John Hicks
113,Alexander Hill
114,Nathaniel Hitchborn
115,Thomas Hitchborn
116,Samuel Hobbs
117,John Hoffins
118,Nathaniel Holmes
119,John Hooton
120,Caleb Hopkins
121,William Hoskins
122,Samuel Howard
123,Edward Howe
124,Jonathan Hunnewell
125,Richard Hunnewell
126,Thomas Hunstable
127,Abraham Hunt
128,Daniel Ingersoll
129,Alexander Inglish
130,Pierce Isaac
131,James Ivers
132,Edward Jarvis
133,Charles Jarvis
134,Unknown Jefferds
135,John Jenkins
136,Eben Johnston
137,Gabriel Johonnott
138,Benjamin Kent
139,Walter Kerr
140,Thomas Kimball
141,David Kinnison
142,John Lambert
143,Joseph Lee
144,Phillip Lewis
145,Amos Lincoln
146,Matthew Loring
147,John Lowell
148,Thomas Machin
149,William Mackay
150,Capt Mackintosh
151,Archibald Macneil
152,Phillip Marett
153,John Marlton
154,Thomas Marshall
155,John Marson
156,Jonathan Mason
157,John Matchett
158,John May
159,William Mcalpine
160,Thomas Melville
161,John Merrit
162,Thomas Milliken
163,William Molineux
164,Samuel Moody
165,Thomas Moore
166,Anthony Morse
167,Perez Morton
168,Joseph Mountford
169,Eliphelet Newell
170,Unknown Nicholls
171,Nat Noyces
172,Israel Obear
173,James Otis
174,William Palfrey
175,Joseph Palmer
176,Richard Palms
177,Jonathan Parker
178,Elias Parkman
179,Sam Partridge
180,Joseph Payson
181,Isaacjun Pearce
182,Isaac Pearce
183,Samuel Peck
184,Thomas Peck
185,John Peters
186,John Phillips
187,Samuel Phillips
188,William Phillips
189,William Pierce
190,Robert Pierpont
191,John Pitts
192,Lendall Pitts
193,Samuel Pitts
194,Thomas Porter
195,Edward Potter
196,William Powell
197,Henry Prentiss
198,John Prince
199,Job Prince
200,Edward Proctor
201,John Pulling
202,Richard Pulling
203,Henry Purkitt
204,Josiah Quincy
205,John Randall
206,Paul Revere
207,Joseph Roby
208,Thomas Roylson
209,Abiel Ruddock
210,John Russell
211,William Russell
212,Robert Sessions
213,James Seward
214,Gibbens Sharp
215,Joseph Shed
216,John Sigourney
217,Benjamin Simpson
218,Peter Slater
219,Ambrose Sloper
220,John Smith
221,Thomas Spear
222,Samuel Sprague
223,John Spurr
224,Henry Stanbridge
225,James Starr
226,Phineas Stearns
227,Ebenezer Stevens
228,Asa Stoddard
229,Jonathan Stoddard
230,Elisha Story
231,James Swan
232,John Sweetser
233,Eben Symmes
234,John Symmes
235,Philip Tabor
236,Thomas Tileston
237,George Trott
238,Royall Tyler
239,Thomas Urann
240,Fortesque Vernon
241,Benjamin Waldo
242,Joseph Warren
243,Joseph Webb
244,Thomas Webster
245,Henry Welles
246,Oliver Wendell
247,Josiah Wheeler
248,Samuel White
249,John Whitten
250,Samuel Whitwell
251,William Whitwell
252,Jeremiah Williams
253,Jonathan Williams
254,Thomas Williams
255,Nathaniel Willis
256,William Wingfield
257,John Winslow
258,John Winthrop
259,Joshua Wyeth
260,Thomas Young
